Video Name,Pattern,Status,Score,HTML File,TXT File
"117_simple_interrupted.M4V","simple_interrupted","completed","None","VOP_Assessment_117_simple_interrupted.M4V_20250923_164238.html","VOP_Assessment_117_simple_interrupted.M4V_20250923_164238.txt"
"215_simple_interrupted.M4V","simple_interrupted","completed","None","VOP_Assessment_215_simple_interrupted.M4V_20250923_164605.html","VOP_Assessment_215_simple_interrupted.M4V_20250923_164605.txt"
"216_simple_interrupted.M4V","simple_interrupted","completed","None","VOP_Assessment_216_simple_interrupted.M4V_20250923_165026.html","VOP_Assessment_216_simple_interrupted.M4V_20250923_165026.txt"
"217_simple_interrupted.M4V","simple_interrupted","completed","None","VOP_Assessment_217_simple_interrupted.M4V_20250923_165503.html","VOP_Assessment_217_simple_interrupted.M4V_20250923_165503.txt"
"315_simple_interrupted.M4V","simple_interrupted","completed","None","VOP_Assessment_315_simple_interrupted.M4V_20250923_165944.html","VOP_Assessment_315_simple_interrupted.M4V_20250923_165944.txt"
"316_simple_interrupted.M4V","simple_interrupted","completed","None","VOP_Assessment_316_simple_interrupted.M4V_20250923_170335.html","VOP_Assessment_316_simple_interrupted.M4V_20250923_170335.txt"
"317_simple_interrupted.M4V","simple_interrupted","completed","None","VOP_Assessment_317_simple_interrupted.M4V_20250923_170824.html","VOP_Assessment_317_simple_interrupted.M4V_20250923_170824.txt"
"415_simple_interrupted.M4V","simple_interrupted","completed","None","VOP_Assessment_415_simple_interrupted.M4V_20250923_171303.html","VOP_Assessment_415_simple_interrupted.M4V_20250923_171303.txt"
"416_simple_interrupted.M4V","simple_interrupted","completed","None","VOP_Assessment_416_simple_interrupted.M4V_20250923_171700.html","VOP_Assessment_416_simple_interrupted.M4V_20250923_171700.txt"
"417_simple_interrupted.M4V","simple_interrupted","completed","None","VOP_Assessment_417_simple_interrupted.M4V_20250923_172144.html","VOP_Assessment_417_simple_interrupted.M4V_20250923_172144.txt"