Video Name,Pattern,Status,Score,HTML File,TXT File
"1218_vertical_mattress.M4V","vertical_mattress","completed","None","VOP_Assessment_1218_vertical_mattress.M4V_20250925_225649.html","VOP_Assessment_1218_vertical_mattress.M4V_20250925_225649.txt"
"1315_vertical_mattress.M4V","vertical_mattress","completed","None","VOP_Assessment_1315_vertical_mattress.M4V_20250925_225802.html","VOP_Assessment_1315_vertical_mattress.M4V_20250925_225802.txt"
"1316_vertical_mattress.M4V","vertical_mattress","completed","None","VOP_Assessment_1316_vertical_mattress.M4V_20250925_225917.html","VOP_Assessment_1316_vertical_mattress.M4V_20250925_225917.txt"
"1317_vertical_mattress.M4V","vertical_mattress","completed","None","VOP_Assessment_1317_vertical_mattress.M4V_20250925_230035.html","VOP_Assessment_1317_vertical_mattress.M4V_20250925_230035.txt"
"1318_vertical_mattress.M4V","vertical_mattress","completed","None","VOP_Assessment_1318_vertical_mattress.M4V_20250925_230152.html","VOP_Assessment_1318_vertical_mattress.M4V_20250925_230152.txt"
"1415_vertical_mattress.M4V","vertical_mattress","completed","None","VOP_Assessment_1415_vertical_mattress.M4V_20250925_230311.html","VOP_Assessment_1415_vertical_mattress.M4V_20250925_230311.txt"
"1416_vertical_mattress.M4V","vertical_mattress","completed","None","VOP_Assessment_1416_vertical_mattress.M4V_20250925_230444.html","VOP_Assessment_1416_vertical_mattress.M4V_20250925_230444.txt"
"1417_vertical_mattress.M4V","vertical_mattress","completed","None","VOP_Assessment_1417_vertical_mattress.M4V_20250925_230602.html","VOP_Assessment_1417_vertical_mattress.M4V_20250925_230602.txt"
"1418_vertical_mattress.M4V","vertical_mattress","completed","None","VOP_Assessment_1418_vertical_mattress.M4V_20250925_230716.html","VOP_Assessment_1418_vertical_mattress.M4V_20250925_230716.txt"
"1515_vertical_mattress.M4V","vertical_mattress","completed","None","VOP_Assessment_1515_vertical_mattress.M4V_20250925_230831.html","VOP_Assessment_1515_vertical_mattress.M4V_20250925_230831.txt"
"1516_vertical_mattress.M4V","vertical_mattress","completed","None","VOP_Assessment_1516_vertical_mattress.M4V_20250925_231009.html","VOP_Assessment_1516_vertical_mattress.M4V_20250925_231009.txt"
"1517_vertical_mattress.M4V","vertical_mattress","completed","None","VOP_Assessment_1517_vertical_mattress.M4V_20250925_231121.html","VOP_Assessment_1517_vertical_mattress.M4V_20250925_231121.txt"
"1518_vertical_mattress.M4V","vertical_mattress","completed","None","VOP_Assessment_1518_vertical_mattress.M4V_20250925_231242.html","VOP_Assessment_1518_vertical_mattress.M4V_20250925_231242.txt"