Video Name,Pattern,Status,Score,HTML File,TXT File
"417_subcuticular.M4V","subcuticular","completed","None","VOP_Assessment_417_subcuticular.M4V_20250924_160218.html","VOP_Assessment_417_subcuticular.M4V_20250924_160218.txt"
"418_subcuticular.M4V","subcuticular","completed","None","VOP_Assessment_418_subcuticular.M4V_20250924_160542.html","VOP_Assessment_418_subcuticular.M4V_20250924_160542.txt"
"515_subcuticular.M4V","subcuticular","completed","None","VOP_Assessment_515_subcuticular.M4V_20250924_160848.html","VOP_Assessment_515_subcuticular.M4V_20250924_160848.txt"
"516_subcuticular.M4V","subcuticular","completed","None","VOP_Assessment_516_subcuticular.M4V_20250924_161140.html","VOP_Assessment_516_subcuticular.M4V_20250924_161140.txt"
"517_subcuticular.M4V","subcuticular","completed","None","VOP_Assessment_517_subcuticular.M4V_20250924_161442.html","VOP_Assessment_517_subcuticular.M4V_20250924_161442.txt"
"518_subcuticular.M4V","subcuticular","completed","None","VOP_Assessment_518_subcuticular.M4V_20250924_161745.html","VOP_Assessment_518_subcuticular.M4V_20250924_161745.txt"
"615_subcuticular.M4V","subcuticular","completed","None","VOP_Assessment_615_subcuticular.M4V_20250924_162108.html","VOP_Assessment_615_subcuticular.M4V_20250924_162108.txt"
"616_subcuticular.M4V","subcuticular","completed","None","VOP_Assessment_616_subcuticular.M4V_20250924_162402.html","VOP_Assessment_616_subcuticular.M4V_20250924_162402.txt"
"617_subcuticular.M4V","subcuticular","completed","None","VOP_Assessment_617_subcuticular.M4V_20250924_162757.html","VOP_Assessment_617_subcuticular.M4V_20250924_162757.txt"
"618_subcuticular.M4V","subcuticular","completed","None","VOP_Assessment_618_subcuticular.M4V_20250924_163053.html","VOP_Assessment_618_subcuticular.M4V_20250924_163053.txt"