Video Name,Pattern,Status,Score,HTML File,TXT File
"318_vertical_mattress.M4V","vertical_mattress","completed","None","VOP_Assessment_318_vertical_mattress.M4V_20250925_220624.html","VOP_Assessment_318_vertical_mattress.M4V_20250925_220624.txt"
"415_vertical_mattress.M4V","vertical_mattress","completed","None","VOP_Assessment_415_vertical_mattress.M4V_20250925_220734.html","VOP_Assessment_415_vertical_mattress.M4V_20250925_220734.txt"
"416_vertical_mattress.M4V","vertical_mattress","completed","None","VOP_Assessment_416_vertical_mattress.M4V_20250925_220843.html","VOP_Assessment_416_vertical_mattress.M4V_20250925_220843.txt"
"417_vertical_mattress.M4V","vertical_mattress","completed","None","VOP_Assessment_417_vertical_mattress.M4V_20250925_220958.html","VOP_Assessment_417_vertical_mattress.M4V_20250925_220958.txt"
"515_vertical_mattress.M4V","vertical_mattress","completed","None","VOP_Assessment_515_vertical_mattress.M4V_20250925_221116.html","VOP_Assessment_515_vertical_mattress.M4V_20250925_221116.txt"
"516_vertical_mattress.M4V","vertical_mattress","completed","None","VOP_Assessment_516_vertical_mattress.M4V_20250925_221231.html","VOP_Assessment_516_vertical_mattress.M4V_20250925_221231.txt"
"517_vertical_mattress.M4V","vertical_mattress","completed","None","VOP_Assessment_517_vertical_mattress.M4V_20250925_221349.html","VOP_Assessment_517_vertical_mattress.M4V_20250925_221349.txt"
"518_vertical_mattress.M4V","vertical_mattress","completed","None","VOP_Assessment_518_vertical_mattress.M4V_20250925_221458.html","VOP_Assessment_518_vertical_mattress.M4V_20250925_221458.txt"
"615_vertical_mattress.M4V","vertical_mattress","completed","None","VOP_Assessment_615_vertical_mattress.M4V_20250925_221652.html","VOP_Assessment_615_vertical_mattress.M4V_20250925_221652.txt"
"616_vertical_mattress.M4V","vertical_mattress","completed","None","VOP_Assessment_616_vertical_mattress.M4V_20250925_221808.html","VOP_Assessment_616_vertical_mattress.M4V_20250925_221808.txt"