Video Name,Pattern,Status,Score,HTML File,TXT File
"1215_subcuticular.M4V","subcuticular","completed","None","VOP_Assessment_1215_subcuticular.M4V_20250924_214446.html","VOP_Assessment_1215_subcuticular.M4V_20250924_214446.txt"
"1216_subcuticular.M4V","subcuticular","completed","None","VOP_Assessment_1216_subcuticular.M4V_20250924_214646.html","VOP_Assessment_1216_subcuticular.M4V_20250924_214646.txt"
"1217_subcuticular.M4V","subcuticular","completed","None","VOP_Assessment_1217_subcuticular.M4V_20250924_214848.html","VOP_Assessment_1217_subcuticular.M4V_20250924_214848.txt"
"1218_subcuticular.M4V","subcuticular","completed","None","VOP_Assessment_1218_subcuticular.M4V_20250924_215039.html","VOP_Assessment_1218_subcuticular.M4V_20250924_215039.txt"
"1315_subcuticular.M4V","subcuticular","completed","None","VOP_Assessment_1315_subcuticular.M4V_20250924_215255.html","VOP_Assessment_1315_subcuticular.M4V_20250924_215255.txt"
"1316_subcuticular.M4V","subcuticular","completed","None","VOP_Assessment_1316_subcuticular.M4V_20250924_215451.html","VOP_Assessment_1316_subcuticular.M4V_20250924_215451.txt"
"1317_subcuticular.M4V","subcuticular","completed","None","VOP_Assessment_1317_subcuticular.M4V_20250924_215707.html","VOP_Assessment_1317_subcuticular.M4V_20250924_215707.txt"
"1318_subcuticular.M4V","subcuticular","completed","None","VOP_Assessment_1318_subcuticular.M4V_20250924_215855.html","VOP_Assessment_1318_subcuticular.M4V_20250924_215855.txt"