Video Name,Pattern,Status,Score,HTML File,TXT File
"2501_simple_interrupted.mp4","simple_interrupted","completed","None","VOP_Assessment_2501_simple_interrupted.mp4_20250917_155924.html","VOP_Assessment_2501_simple_interrupted.mp4_20250917_155924.txt"
"2503_simple_interrupted.mp4","simple_interrupted","completed","None","VOP_Assessment_2503_simple_interrupted.mp4_20250917_160520.html","VOP_Assessment_2503_simple_interrupted.mp4_20250917_160520.txt"
"2504_simple_interrupted.mp4","simple_interrupted","completed","None","VOP_Assessment_2504_simple_interrupted.mp4_20250917_161142.html","VOP_Assessment_2504_simple_interrupted.mp4_20250917_161142.txt"
"2506_simple_interrupted.mp4","simple_interrupted","completed","None","VOP_Assessment_2506_simple_interrupted.mp4_20250917_161722.html","VOP_Assessment_2506_simple_interrupted.mp4_20250917_161722.txt"
"2507_simple_interrupted.mp4","simple_interrupted","completed","None","VOP_Assessment_2507_simple_interrupted.mp4_20250917_162407.html","VOP_Assessment_2507_simple_interrupted.mp4_20250917_162407.txt"
"2509_simple_interrupted.mp4","simple_interrupted","completed","None","VOP_Assessment_2509_simple_interrupted.mp4_20250917_162944.html","VOP_Assessment_2509_simple_interrupted.mp4_20250917_162944.txt"
"2511_simple_interrupted.mp4","simple_interrupted","completed","None","VOP_Assessment_2511_simple_interrupted.mp4_20250917_163443.html","VOP_Assessment_2511_simple_interrupted.mp4_20250917_163443.txt"
"2515_simple_interrupted.mp4","simple_interrupted","completed","None","VOP_Assessment_2515_simple_interrupted.mp4_20250917_163915.html","VOP_Assessment_2515_simple_interrupted.mp4_20250917_163915.txt"
"2516_simple_interrupted.mp4","simple_interrupted","completed","None","VOP_Assessment_2516_simple_interrupted.mp4_20250917_164406.html","VOP_Assessment_2516_simple_interrupted.mp4_20250917_164406.txt"