Video Name,Pattern,Status,Score,HTML File,TXT File
"915_simple_interrupted.M4V","simple_interrupted","completed","None","VOP_Assessment_915_simple_interrupted.M4V_20250923_185655.html","VOP_Assessment_915_simple_interrupted.M4V_20250923_185655.txt"
"1415_simple_interrupted.M4V","simple_interrupted","completed","None","VOP_Assessment_1415_simple_interrupted.M4V_20250923_190127.html","VOP_Assessment_1415_simple_interrupted.M4V_20250923_190127.txt"
"1416_simple_interrupted.M4V","simple_interrupted","completed","None","VOP_Assessment_1416_simple_interrupted.M4V_20250923_190540.html","VOP_Assessment_1416_simple_interrupted.M4V_20250923_190540.txt"
"1417_simple_interrupted.M4V","simple_interrupted","completed","None","VOP_Assessment_1417_simple_interrupted.M4V_20250923_191001.html","VOP_Assessment_1417_simple_interrupted.M4V_20250923_191001.txt"
"1515_simple_interrupted.M4V","simple_interrupted","completed","None","VOP_Assessment_1515_simple_interrupted.M4V_20250923_191359.html","VOP_Assessment_1515_simple_interrupted.M4V_20250923_191359.txt"
"1516_simple_interrupted.M4V","simple_interrupted","completed","None","VOP_Assessment_1516_simple_interrupted.M4V_20250923_191824.html","VOP_Assessment_1516_simple_interrupted.M4V_20250923_191824.txt"