Video Name,Pattern,Status,Score,HTML File,TXT File
"2501_simple_interrupted.mp4","simple_interrupted","completed","None","VOP_Assessment_2501_simple_interrupted.mp4_20250917_181258.html","VOP_Assessment_2501_simple_interrupted.mp4_20250917_181258.txt"
"2503_simple_interrupted.mp4","simple_interrupted","completed","None","VOP_Assessment_2503_simple_interrupted.mp4_20250917_181753.html","VOP_Assessment_2503_simple_interrupted.mp4_20250917_181753.txt"
"2504_simple_interrupted.mp4","simple_interrupted","completed","None","VOP_Assessment_2504_simple_interrupted.mp4_20250917_182246.html","VOP_Assessment_2504_simple_interrupted.mp4_20250917_182246.txt"
"2506_simple_interrupted.mp4","simple_interrupted","completed","None","VOP_Assessment_2506_simple_interrupted.mp4_20250917_182755.html","VOP_Assessment_2506_simple_interrupted.mp4_20250917_182755.txt"
"2507_simple_interrupted.mp4","simple_interrupted","completed","None","VOP_Assessment_2507_simple_interrupted.mp4_20250917_183302.html","VOP_Assessment_2507_simple_interrupted.mp4_20250917_183302.txt"
"2509_simple_interrupted.mp4","simple_interrupted","completed","None","VOP_Assessment_2509_simple_interrupted.mp4_20250917_183856.html","VOP_Assessment_2509_simple_interrupted.mp4_20250917_183856.txt"
"2511_simple_interrupted.mp4","simple_interrupted","completed","None","VOP_Assessment_2511_simple_interrupted.mp4_20250917_184403.html","VOP_Assessment_2511_simple_interrupted.mp4_20250917_184403.txt"
"2515_simple_interrupted.mp4","simple_interrupted","completed","None","VOP_Assessment_2515_simple_interrupted.mp4_20250917_184857.html","VOP_Assessment_2515_simple_interrupted.mp4_20250917_184857.txt"
"2516_simple_interrupted.mp4","simple_interrupted","completed","None","VOP_Assessment_2516_simple_interrupted.mp4_20250917_185322.html","VOP_Assessment_2516_simple_interrupted.mp4_20250917_185322.txt"