Video Name,Pattern,Status,Score,HTML File,TXT File
"1018_subcuticular.M4V","subcuticular","completed","None","VOP_Assessment_1018_subcuticular.M4V_20250924_211853.html","VOP_Assessment_1018_subcuticular.M4V_20250924_211853.txt"
"1115_subcuticular.M4V","subcuticular","completed","None","VOP_Assessment_1115_subcuticular.M4V_20250924_212111.html","VOP_Assessment_1115_subcuticular.M4V_20250924_212111.txt"
"1116_subcuticular.M4V","subcuticular","completed","None","VOP_Assessment_1116_subcuticular.M4V_20250924_212533.html","VOP_Assessment_1116_subcuticular.M4V_20250924_212533.txt"
"1117_subcuticular.M4V","subcuticular","completed","None","VOP_Assessment_1117_subcuticular.M4V_20250924_212737.html","VOP_Assessment_1117_subcuticular.M4V_20250924_212737.txt"
"1118_subcuticular.M4V","subcuticular","completed","None","VOP_Assessment_1118_subcuticular.M4V_20250924_212946.html","VOP_Assessment_1118_subcuticular.M4V_20250924_212946.txt"