Video Name,Pattern,Status,Score,HTML File,TXT File
"918_vertical_mattress.M4V","vertical_mattress","completed","None","VOP_Assessment_918_vertical_mattress.M4V_20250925_224037.html","VOP_Assessment_918_vertical_mattress.M4V_20250925_224037.txt"
"1015_vertical_mattress.M4V","vertical_mattress","completed","None","VOP_Assessment_1015_vertical_mattress.M4V_20250925_224156.html","VOP_Assessment_1015_vertical_mattress.M4V_20250925_224156.txt"
"1016_vertical_mattress.M4V","vertical_mattress","completed","None","VOP_Assessment_1016_vertical_mattress.M4V_20250925_224310.html","VOP_Assessment_1016_vertical_mattress.M4V_20250925_224310.txt"
"1017_vertical_mattress.M4V","vertical_mattress","completed","None","VOP_Assessment_1017_vertical_mattress.M4V_20250925_224424.html","VOP_Assessment_1017_vertical_mattress.M4V_20250925_224424.txt"
"1018_vertical_mattress.M4V","vertical_mattress","completed","None","VOP_Assessment_1018_vertical_mattress.M4V_20250925_224535.html","VOP_Assessment_1018_vertical_mattress.M4V_20250925_224535.txt"
"1115_vertical_mattress.M4V","vertical_mattress","completed","None","VOP_Assessment_1115_vertical_mattress.M4V_20250925_224652.html","VOP_Assessment_1115_vertical_mattress.M4V_20250925_224652.txt"
"1116_vertical_mattress.M4V","vertical_mattress","completed","None","VOP_Assessment_1116_vertical_mattress.M4V_20250925_224821.html","VOP_Assessment_1116_vertical_mattress.M4V_20250925_224821.txt"
"1117_vertical_mattress.M4V","vertical_mattress","completed","None","VOP_Assessment_1117_vertical_mattress.M4V_20250925_224939.html","VOP_Assessment_1117_vertical_mattress.M4V_20250925_224939.txt"
"1118_vertical_mattress.M4V","vertical_mattress","completed","None","VOP_Assessment_1118_vertical_mattress.M4V_20250925_225113.html","VOP_Assessment_1118_vertical_mattress.M4V_20250925_225113.txt"
"1215_vertical_mattress.M4V","vertical_mattress","completed","None","VOP_Assessment_1215_vertical_mattress.M4V_20250925_225240.html","VOP_Assessment_1215_vertical_mattress.M4V_20250925_225240.txt"
"1216_vertical_mattress.M4V","vertical_mattress","completed","None","VOP_Assessment_1216_vertical_mattress.M4V_20250925_225354.html","VOP_Assessment_1216_vertical_mattress.M4V_20250925_225354.txt"
"1217_vertical_mattress.M4V","vertical_mattress","completed","None","VOP_Assessment_1217_vertical_mattress.M4V_20250925_225506.html","VOP_Assessment_1217_vertical_mattress.M4V_20250925_225506.txt"