Video Name,Pattern,Status,Score,HTML File,TXT File
"715_subcuticular.M4V","subcuticular","completed","None","VOP_Assessment_715_subcuticular.M4V_20250924_175723.html","VOP_Assessment_715_subcuticular.M4V_20250924_175723.txt"
"716_subcuticular.M4V","subcuticular","completed","None","VOP_Assessment_716_subcuticular.M4V_20250924_180208.html","VOP_Assessment_716_subcuticular.M4V_20250924_180208.txt"
"717_subcuticular.M4V","subcuticular","completed","None","VOP_Assessment_717_subcuticular.M4V_20250924_180712.html","VOP_Assessment_717_subcuticular.M4V_20250924_180712.txt"
"718_subcuticular.M4V","subcuticular","completed","None","VOP_Assessment_718_subcuticular.M4V_20250924_181203.html","VOP_Assessment_718_subcuticular.M4V_20250924_181203.txt"
"815_subcuticular.M4V","subcuticular","completed","None","VOP_Assessment_815_subcuticular.M4V_20250924_181559.html","VOP_Assessment_815_subcuticular.M4V_20250924_181559.txt"
"816_subcuticular.M4V","subcuticular","completed","None","VOP_Assessment_816_subcuticular.M4V_20250924_182115.html","VOP_Assessment_816_subcuticular.M4V_20250924_182115.txt"
"817_subcuticular.M4V","subcuticular","completed","None","VOP_Assessment_817_subcuticular.M4V_20250924_182920.html","VOP_Assessment_817_subcuticular.M4V_20250924_182920.txt"
"818_subcuticular.M4V","subcuticular","completed","None","VOP_Assessment_818_subcuticular.M4V_20250924_183610.html","VOP_Assessment_818_subcuticular.M4V_20250924_183610.txt"
"915_subcuticular.M4V","subcuticular","completed","None","VOP_Assessment_915_subcuticular.M4V_20250924_184137.html","VOP_Assessment_915_subcuticular.M4V_20250924_184137.txt"
"916_subcuticular.M4V","subcuticular","completed","None","VOP_Assessment_916_subcuticular.M4V_20250924_184714.html","VOP_Assessment_916_subcuticular.M4V_20250924_184714.txt"
"917_subcuticular.M4V","subcuticular","completed","None","VOP_Assessment_917_subcuticular.M4V_20250924_185223.html","VOP_Assessment_917_subcuticular.M4V_20250924_185223.txt"
"918_subcuticular.M4V","subcuticular","completed","None","VOP_Assessment_918_subcuticular.M4V_20250924_185808.html","VOP_Assessment_918_subcuticular.M4V_20250924_185808.txt"