Video Name,Pattern,Status,Score,HTML File,TXT File
"2501_simple_interrupted.mp4","simple_interrupted","completed","None","","VOP_Assessment_2501_simple_interrupted.mp4_20250926_161913.txt"
"2503_simple_interrupted.mp4","simple_interrupted","completed","None","","VOP_Assessment_2503_simple_interrupted.mp4_20250926_162038.txt"
"2504_simple_interrupted.mp4","simple_interrupted","completed","None","","VOP_Assessment_2504_simple_interrupted.mp4_20250926_162234.txt"
"2506_simple_interrupted.mp4","simple_interrupted","completed","None","","VOP_Assessment_2506_simple_interrupted.mp4_20250926_162433.txt"
"2507_simple_interrupted.mp4","simple_interrupted","completed","None","","VOP_Assessment_2507_simple_interrupted.mp4_20250926_162631.txt"
"2509_simple_interrupted.mp4","simple_interrupted","completed","None","","VOP_Assessment_2509_simple_interrupted.mp4_20250926_162818.txt"
"2511_simple_interrupted.mp4","simple_interrupted","completed","None","","VOP_Assessment_2511_simple_interrupted.mp4_20250926_162948.txt"
"2515_simple_interrupted.mp4","simple_interrupted","completed","None","","VOP_Assessment_2515_simple_interrupted.mp4_20250926_163124.txt"
"2516_simple_interrupted.mp4","simple_interrupted","completed","None","","VOP_Assessment_2516_simple_interrupted.mp4_20250926_163243.txt"