Video Name,Pattern,Status,Score,HTML File,TXT File
"617_vertical_mattress.M4V","vertical_mattress","completed","None","VOP_Assessment_617_vertical_mattress.M4V_20250925_222325.html","VOP_Assessment_617_vertical_mattress.M4V_20250925_222325.txt"
"618_vertical_mattress.M4V","vertical_mattress","completed","None","VOP_Assessment_618_vertical_mattress.M4V_20250925_222450.html","VOP_Assessment_618_vertical_mattress.M4V_20250925_222450.txt"
"715_vertical_mattress.M4V","vertical_mattress","completed","None","VOP_Assessment_715_vertical_mattress.M4V_20250925_222614.html","VOP_Assessment_715_vertical_mattress.M4V_20250925_222614.txt"
"716_vertical_mattress.M4V","vertical_mattress","completed","None","VOP_Assessment_716_vertical_mattress.M4V_20250925_222758.html","VOP_Assessment_716_vertical_mattress.M4V_20250925_222758.txt"
"717_vertical_mattress.M4V","vertical_mattress","completed","None","VOP_Assessment_717_vertical_mattress.M4V_20250925_222912.html","VOP_Assessment_717_vertical_mattress.M4V_20250925_222912.txt"
"718_vertical_mattress.M4V","vertical_mattress","completed","None","VOP_Assessment_718_vertical_mattress.M4V_20250925_223025.html","VOP_Assessment_718_vertical_mattress.M4V_20250925_223025.txt"
"815_vertical_mattress.M4V","vertical_mattress","completed","None","VOP_Assessment_815_vertical_mattress.M4V_20250925_223159.html","VOP_Assessment_815_vertical_mattress.M4V_20250925_223159.txt"
"816_vertical_mattress.M4V","vertical_mattress","completed","None","VOP_Assessment_816_vertical_mattress.M4V_20250925_223313.html","VOP_Assessment_816_vertical_mattress.M4V_20250925_223313.txt"
"817_vertical_mattress.M4V","vertical_mattress","completed","None","VOP_Assessment_817_vertical_mattress.M4V_20250925_223433.html","VOP_Assessment_817_vertical_mattress.M4V_20250925_223433.txt"
"915_vertical_mattress.M4V","vertical_mattress","completed","None","VOP_Assessment_915_vertical_mattress.M4V_20250925_223555.html","VOP_Assessment_915_vertical_mattress.M4V_20250925_223555.txt"
"916_vertical_mattress.M4V","vertical_mattress","completed","None","VOP_Assessment_916_vertical_mattress.M4V_20250925_223701.html","VOP_Assessment_916_vertical_mattress.M4V_20250925_223701.txt"
"917_vertical_mattress.M4V","vertical_mattress","completed","None","VOP_Assessment_917_vertical_mattress.M4V_20250925_223813.html","VOP_Assessment_917_vertical_mattress.M4V_20250925_223813.txt"