Video Name,Pattern,Status,Score,HTML File,TXT File
"115_subcuticular.M4V","subcuticular","completed","None","VOP_Assessment_115_subcuticular.M4V_20250923_211808.html","VOP_Assessment_115_subcuticular.M4V_20250923_211808.txt"
"116_subcuticular.M4V","subcuticular","completed","None","VOP_Assessment_116_subcuticular.M4V_20250923_212258.html","VOP_Assessment_116_subcuticular.M4V_20250923_212258.txt"
"117_subcuticular.M4V","subcuticular","completed","None","VOP_Assessment_117_subcuticular.M4V_20250923_212715.html","VOP_Assessment_117_subcuticular.M4V_20250923_212715.txt"
"118_subcuticular.M4V","subcuticular","completed","None","VOP_Assessment_118_subcuticular.M4V_20250923_213224.html","VOP_Assessment_118_subcuticular.M4V_20250923_213224.txt"
"215_subcuticular.M4V","subcuticular","completed","None","VOP_Assessment_215_subcuticular.M4V_20250923_213752.html","VOP_Assessment_215_subcuticular.M4V_20250923_213752.txt"
"216_subcuticular.M4V","subcuticular","completed","None","VOP_Assessment_216_subcuticular.M4V_20250923_214322.html","VOP_Assessment_216_subcuticular.M4V_20250923_214322.txt"
"217_subcuticular.M4V","subcuticular","completed","None","VOP_Assessment_217_subcuticular.M4V_20250923_214801.html","VOP_Assessment_217_subcuticular.M4V_20250923_214801.txt"
"218_subcuticular.M4V","subcuticular","completed","None","VOP_Assessment_218_subcuticular.M4V_20250923_215224.html","VOP_Assessment_218_subcuticular.M4V_20250923_215224.txt"