Video Name,Pattern,Status,Score,HTML File,TXT File
"2501_vertical_mattress.mp4","vertical_mattress","completed","None","","VOP_Assessment_2501_vertical_mattress.mp4_20250926_171422.txt"
"2504_vertical_mattress.mp4","vertical_mattress","completed","None","","VOP_Assessment_2504_vertical_mattress.mp4_20250926_171559.txt"
"2506_vertical_mattress.mp4","vertical_mattress","completed","None","","VOP_Assessment_2506_vertical_mattress.mp4_20250926_171751.txt"
"2507_vertical_mattress.mp4","vertical_mattress","completed","None","","VOP_Assessment_2507_vertical_mattress.mp4_20250926_172040.txt"
"2509_vertical_mattress.mp4","vertical_mattress","completed","None","","VOP_Assessment_2509_vertical_mattress.mp4_20250926_172225.txt"
"2511_vertical_mattress.mp4","vertical_mattress","completed","None","","VOP_Assessment_2511_vertical_mattress.mp4_20250926_172335.txt"
"2515_vertical_mattress.mp4","vertical_mattress","completed","None","","VOP_Assessment_2515_vertical_mattress.mp4_20250926_172519.txt"
"2516_vertical_mattress.mp4","vertical_mattress","completed","None","","VOP_Assessment_2516_vertical_mattress.mp4_20250926_172701.txt"