Video Name,Pattern,Status,Score,HTML File,TXT File
"115_vertical_mattress.M4V","vertical_mattress","completed","None","VOP_Assessment_115_vertical_mattress.M4V_20250925_215033.html","VOP_Assessment_115_vertical_mattress.M4V_20250925_215033.txt"
"116_vertical_mattress.M4V","vertical_mattress","completed","None","VOP_Assessment_116_vertical_mattress.M4V_20250925_215148.html","VOP_Assessment_116_vertical_mattress.M4V_20250925_215148.txt"
"117_vertical_mattress.M4V","vertical_mattress","completed","None","VOP_Assessment_117_vertical_mattress.M4V_20250925_215307.html","VOP_Assessment_117_vertical_mattress.M4V_20250925_215307.txt"
"215_vertical_mattress.M4V","vertical_mattress","completed","None","VOP_Assessment_215_vertical_mattress.M4V_20250925_215424.html","VOP_Assessment_215_vertical_mattress.M4V_20250925_215424.txt"
"216_vertical_mattress.M4V","vertical_mattress","completed","None","VOP_Assessment_216_vertical_mattress.M4V_20250925_215610.html","VOP_Assessment_216_vertical_mattress.M4V_20250925_215610.txt"
"217_vertical_mattress.M4V","vertical_mattress","completed","None","VOP_Assessment_217_vertical_mattress.M4V_20250925_215723.html","VOP_Assessment_217_vertical_mattress.M4V_20250925_215723.txt"
"218_vertical_mattress.M4V","vertical_mattress","completed","None","VOP_Assessment_218_vertical_mattress.M4V_20250925_215842.html","VOP_Assessment_218_vertical_mattress.M4V_20250925_215842.txt"
"315_vertical_mattress.M4V","vertical_mattress","completed","None","VOP_Assessment_315_vertical_mattress.M4V_20250925_220003.html","VOP_Assessment_315_vertical_mattress.M4V_20250925_220003.txt"
"316_vertical_mattress.M4V","vertical_mattress","completed","None","VOP_Assessment_316_vertical_mattress.M4V_20250925_220119.html","VOP_Assessment_316_vertical_mattress.M4V_20250925_220119.txt"
"317_vertical_mattress.M4V","vertical_mattress","completed","None","VOP_Assessment_317_vertical_mattress.M4V_20250925_220243.html","VOP_Assessment_317_vertical_mattress.M4V_20250925_220243.txt"