Video Name,Pattern,Status,Score,HTML File,TXT File
"2501_subcuticular.mp4","subcuticular","completed","None","","VOP_Assessment_2501_subcuticular.mp4_20250926_163830.txt"
"2503_subcuticular.mp4","subcuticular","completed","None","","VOP_Assessment_2503_subcuticular.mp4_20250926_164002.txt"
"2504_subcuticular.mp4","subcuticular","completed","None","","VOP_Assessment_2504_subcuticular.mp4_20250926_164145.txt"
"2506_subcuticular.mp4","subcuticular","completed","None","","VOP_Assessment_2506_subcuticular.mp4_20250926_164305.txt"
"2507_subcuticular.mp4","subcuticular","completed","None","","VOP_Assessment_2507_subcuticular.mp4_20250926_164453.txt"
"2509_subcuticular.mp4","subcuticular","completed","None","","VOP_Assessment_2509_subcuticular.mp4_20250926_164633.txt"
"2511_subcuticular.mp4","subcuticular","completed","None","","VOP_Assessment_2511_subcuticular.mp4_20250926_164818.txt"
"2515_subcuticular.mp4","subcuticular","completed","None","","VOP_Assessment_2515_subcuticular.mp4_20250926_164938.txt"
"2516_subcuticular.mp4","subcuticular","completed","None","","VOP_Assessment_2516_subcuticular.mp4_20250926_165109.txt"