Video Name,Pattern,Status,Score,HTML File,TXT File
"1415_subcuticular.M4V","subcuticular","completed","None","VOP_Assessment_1415_subcuticular.M4V_20250924_221127.html","VOP_Assessment_1415_subcuticular.M4V_20250924_221127.txt"
"1416_subcuticular.M4V","subcuticular","completed","None","VOP_Assessment_1416_subcuticular.M4V_20250924_221354.html","VOP_Assessment_1416_subcuticular.M4V_20250924_221354.txt"
"1417_subcuticular.M4V","subcuticular","completed","None","VOP_Assessment_1417_subcuticular.M4V_20250924_221549.html","VOP_Assessment_1417_subcuticular.M4V_20250924_221549.txt"
"1418_subcuticular.M4V","subcuticular","completed","None","VOP_Assessment_1418_subcuticular.M4V_20250924_221755.html","VOP_Assessment_1418_subcuticular.M4V_20250924_221755.txt"
"1515_subcuticular.M4V","subcuticular","completed","None","VOP_Assessment_1515_subcuticular.M4V_20250924_221946.html","VOP_Assessment_1515_subcuticular.M4V_20250924_221946.txt"
"1516_subcuticular.M4V","subcuticular","completed","None","VOP_Assessment_1516_subcuticular.M4V_20250924_222153.html","VOP_Assessment_1516_subcuticular.M4V_20250924_222153.txt"
"1517_subcuticular.M4V","subcuticular","completed","None","VOP_Assessment_1517_subcuticular.M4V_20250924_222359.html","VOP_Assessment_1517_subcuticular.M4V_20250924_222359.txt"
"1518_subcuticular.M4V","subcuticular","completed","None","VOP_Assessment_1518_subcuticular.M4V_20250924_222635.html","VOP_Assessment_1518_subcuticular.M4V_20250924_222635.txt"